Instrument,Defaults,Levels,Tuning,Pitch,PitchEnv,Reverb,ModAttack,ModDecay,ModSustain,ModRelease,AmpAttack,AmpSustain,AmpDecay,AmpRelease,FilterType,FilterCutoff,FilterEnvAmount,FilterResonance
2pan,0.799203634262085,0,0,1,0,0,0,0,0,0,0,0,0,0,1,0,0,0
Accretion,0.5,0,0,0.546875,0,0,0,0,0,0,0,0,0,0,0,0,0,0
Admosphear,0.5012343525886536,0,0,1,0,0,0,0,0,0,0,0,0,0,0,0,0,0
Aerpluck,0.5012343525886536,0,0,1,0,0,0,0,0,0,0,0,0,0,0,0,0,0
Allium,0.4497500061988831,0,0,0.7578120231628418,0,0,0,0,0,0,0,0,0,0,0,0,0,0
Almond,0.5,0,0,0.7578120231628418,0,0,0,0,0,0,0,0,0,0,0,0,0,0
Angels,0.3014222979545593,0,0,0.7578120231628418,0,0,0,0,0,0,0,0,0,0,0,0,0,0
Approach,0.5011208653450012,0,0,1,0,0,0,0,0,0,0,0,0,0,0,0,0,0
Aprequiema,0.5037968754768372,0,0,0.6310938000679016,0,0,0,0,0,0,0,0,0,0,0,0,0,0
Ascender,0.5,0,0,1,0,0,0,0,0,0,0,0,0,0,0,0,0,0
Awake,0.5,0,0,0.7578120231628418,0,0,0,0,0,0,0,0,0,0,0,0,0,0
Balaphonic,0.5646098852157593,0,0,0.7578120231628418,0,0,0,0,0,0,0,0,0,0,0,0,0,0
Bali,0.5,0,0,0.546875,0,0,0,0,0,0,0,0,0,0,0,0,0,0
Bali Drip,0.5,0,0,0.7578120231628418,0,0,0,0,0,0,0,0,0,0,0,0,0,0
Barred,0.4975000023841858,0,0,1,0,0,0,0,0,0,0,0,0,0,0,0,0,0
Barrier,0.419796884059906,0,0,1,0,0,0,0,0,0,0,0,0,0,0,0,0,0
BarryPluck,0.4879535436630249,0,0,0.7578120231628418,0,0,0,0,0,0,0,0,0,0,0,0,0,0
Bee,0.5006718635559082,0,0,1,0,0,0,0,0,0,0,0,0,0,0,0,0,0
Bee Organ,0.5141566395759583,0,0,0.7578120231628418,0,0,0,0,0,0,0,0,0,0,0,0,0,0
Begin,0.5005001425743103,0,0,1,0,0,0,0,0,0,0,0,0,0,0,0,0,0
Bell,0.5,0,0,0.546875,0,0,0,0,0,0,0,0,0,0,0,0,0,0
Belluron,0.5,0,0,1,0,0,0,0,0,0,0,0,0,0,0,0,0,0
Boudystreik,0.5012343525886536,0,0,1,0,0,0,0,0,0,0,0,0,0,0,0,0,0
Bow,0.4991874992847443,0,0,1,0,0,0,0,0,0,0,0,0,0,0,0,0,0
Boxer,0.5,0,0,0.546875,0,0,0,0,0,0,0,0,0,0,0,0,0,0
Breathe,0.826046884059906,0,0,1,0,0,0,0,0,0,0,0,0,0,0,0,0,0
Brittle,0.4497500061988831,0,0,0.7578120231628418,0,0,0,0,0,0,0,0,0,0,0,0,0,0
Broken,0.522937536239624,0,0,1,0,0,0,0,0,0,0,0,0,0,0,0,0,0
Bubble,0.5029531121253967,0,0,1,0,0,0,0,0,0,0,0,0,0,0,0,0,0
Cassette,0.5,0,0,0.7578120231628418,0,0,0,0,0,0,0,0,0,0,0,0,0,0
Celli Flautando,0.5,0,0,0.6875,0,0,0,0,0,0,0,0,0,0,0,0,0,0
Cello Creak,0.5,0,0,0.6875,0,0,0,0,0,0,0,0,0,0,0,0,0,0
Chaser,0.5,0,0,0.546875,0,0,0,0,0,0,0,0,0,0,0,0,0,0
Chimer,0,0,0,0.7578120231628418,0,0,0,0,0,0,0,0,0,0,0,0,0,0
Christa,0.2905937433242798,0,0,0.7578120231628418,0,0,0,0,0,0,0,0,0,0,0,0,0,0
Cine Choir,0.501828134059906,0,0,0.546875,0,0,0,0,0,0,0,0,0,0,0,0,0,0
Cine Flute,0.5,0,0,0.546875,0,0,0,0,0,0,0,0,0,0,0,0,0,0
Circuit Dust,0.5,0,0,0.7578120231628418,0,0,0,0,0,0,0,0,0,0,0,0,0,0
Claw,0.419796884059906,0,0,1,0,0,0,0,0,0,0,0,0,0,0,0,0,0
Clean,0.2527812421321869,0,0,1,0,0,0,0,0,0,0,0,0,0,0,0,0,0
Clear,0.5013281106948853,0,0,1,0,0,0,0,0,0,0,0,0,0,0,0,0,0
Clunnn,0.559054970741272,0,0,0.7578120231628418,0,0,0,0,0,0,0,0,0,0,2,0,0,0
Coins,0.5,0,0,1,0,0,0,0,0,0,0,0,0,0,0,0,0,0
Compost,0.4879535436630249,0,0,0.7578120231628418,0,0,0,0,0,0,0,0,0,0,0,0,0,0
Cortado,0.4960629940032959,0,0,0.7578120231628418,0,0,0,0,0,0,0,0,0,0,2,0,0,0
Cruth,0.5,0,0,1,0,0,0,0,0,0,0,0,0,0,0,0,0,0
D55,0.4745937585830688,0,0,0.7578120231628418,0,0,0,0,0,0,0,0,0,0,0,0,0,0
Dark Matter,0.5,0,0,0.671875,0,0,0,0,0,0,0,0,0,0,0,0,0,0
Darpa,0.5032620429992676,0,0,0.546875,0,0,0,0,0,0,0,0,0,0,0,0,0,0
Dead Stringer,0.5,0,0,0.7578120231628418,0,0,0,0,0,0,0,0,0,0,0,0,0,0
Deepcarve,0.4997812509536743,0,0,1,0,0,0,0,0,0,0,0,0,0,0,0,0,0
Digisect,0.5,0,0,0.6875,0,0,0,0,0,0,0,0,0,0,2,0,0,0
Disaster,0.5032343864440918,0,0,1,0,0,0,0,0,0,0,0,0,0,0,0,0,0
Dispersal,0.5040000081062317,0,0,0.7578120231628418,0,0,0,0,0,0,0,0,0,0,0,0,0,0
Dogshort,0.5021250247955322,0,0,1,0,0,0,0,0,0,0,0,0,0,0,0,0,0
Doo,0.6660161018371582,0,0,0.7578120231628418,0,0,0,0,0,0,0,0,0,0,2,0,0,0
Dooo,0.2905937433242798,0,0,0.7578120231628418,0,0,0,0,0,0,0,0,0,0,0,0,0,0
Down,0.5036700963973999,0,0,1,0,0,0,0,0,0,0,0,0,0,0,0,0,0
Dream,0.5041940808296204,0,0,1,0,0,0,0,0,0,0,0,0,0,0,0,0,0
Dreamkiss,0.5,0,0,1,0,0,0,0,0,0,0,0,0,0,2,0,0,0
Dreams,0.1829375028610229,0,0,0.546875,0,0,0,0,0,0,0,0,0,0,0,0,0,0
Drift,0.3284382820129395,0,0,1,0,0,0,0,0,0,0,0,0,0,0,0,0,0
Drone Zone,0.5040000081062317,0,0,0.7578120231628418,0,0,0,0,0,0,0,0,0,0,0,0,0,0
Drop,0.5048145651817322,0,0,1,0,0,0,0,0,0,0,0,0,0,0,0,0,0
Droplet,0.5,0,0,0.546875,0,0,0,0,0,0,0,0,0,0,0,0,0,0
Eardrop,0.5,0,0,0.546875,0,0,0,0,0,0,0,0,0,0,0,0,0,0
Eclipse,0.5,0,0,0.671875,0,0,0,0,0,0,0,0,0,0,0,0,0,0
Elfin,0.5305004119873047,0,0,0.7578120231628418,0,0,0,0,0,0,0,0,0,0,0,0,0,0
Ennio,0.5,0,0,0.7578120231628418,0,0,0,0,0,0,0,0,0,0,0,0,0,0
Eucalyptus,0.5,0,0,0.7578120231628418,0,0,0,0,0,0,0,0,0,0,1,0,0,0
Exo,0.5,0,0,0.671875,0,0,0,0,0,0,0,0,0,0,0,0,0,0
Eye,0.4621406197547913,0,0,1,0,0,0,0,0,0,0,0,0,0,0,0,0,0
Fairy Dust,0.3209062516689301,0,0,0.7578120231628418,0,0,0,0,0,0,0,0,0,0,0,0,0,0
Fanhumm,0.3261562883853912,0,0,1,0,0,0,0,0,0,0,0,0,0,0,0,0,0
Final,0.1962812393903732,0,0,0.546875,0,0,0,0,0,0,0,0,0,0,0,0,0,0
Finalised,0.4982187449932098,0,0,1,0,0,0,0,0,0,0,0,0,0,0,0,0,0
Flare,0.4960629940032959,0,0,0.7578120231628418,0,0,0,0,0,0,0,0,0,0,1,0,0,0
Fludde,0.5316094160079956,0,0,0.7578120231628418,0,0,0,0,0,0,0,0,0,0,0,0,0,0
Fluzzy,0.6095937490463257,0,0,0.7578120231628418,0,0,0,0,0,0,0,0,0,0,2,0,0,0
Free Lunch,0.5,0,0,0.546875,0,0,0,0,0,0,0,0,0,0,0,0,0,0
Fresco,0.4497500061988831,0,0,0.7578120231628418,0,0,0,0,0,0,0,0,0,0,0,0,0,0
Frog Prince,0.1828437447547913,0,0,0.546875,0,0,0,0,0,0,0,0,0,0,0,0,0,0
Full,0.2510156035423279,0,0,1,0,0,0,0,0,0,0,0,0,0,0,0,0,0
Fury Drone,0.5,0,0,0.546875,0,0,0,0,0,0,0,0,0,0,0,0,0,0
Gather,0.5,0,0,0.546875,0,0,0,0,0,0,0,0,0,0,0,0,0,0
Giraffe,0.4958750009536743,0,0,1,0,0,0,0,0,0,0,0,0,0,0,0,0,0
Glassical,0.8437192440032959,0,0,0.7578120231628418,0,0,0,0,0,0,0,0,0,0,2,0,0,0
Glock,0.4879535436630249,0,0,0.7578120231628418,0,0,0,0,0,0,0,0,0,0,0,0,0,0
Gnomes,0.5029531121253967,0,0,1,0,0,0,0,0,0,0,0,0,0,0,0,0,0
Gnomey,0.8593910336494446,0,0,0.7578120231628418,0,0,0,0,0,0,0,0,0,0,0,0,0,0
Grainy,0.5,0,0,1,0,0,0,0,0,0,0,0,0,0,0,0,0,0
Gritter,0.4996093809604645,0,0,1,0,0,0,0,0,0,0,0,0,0,0,0,0,0
Growl,0,0,0,1,0,0,0,0,0,0,0,0,0,0,0,0,0,0
Harmonic,0.9915316700935364,0,0,0.7578120231628418,0,0,0,0,0,0,0,0,0,0,0,0,0,0
Harmonix,0.2501875162124634,0,0,1,0,0,0,0,0,0,0,0,0,0,0,0,0,0
Harpoon,0.5,0,0,0.546875,0,0,0,0,0,0,0,0,0,0,0,0,0,0
Haunted,0.5,0,0,0.7578120231628418,0,0,0,0,0,0,0,0,0,0,0,0,0,0
Heaven Sent,0.4959999918937683,0,0,0.7578120231628418,0,0,0,0,0,0,0,0,0,0,0,0,0,0
HiLo,0.5,0,0,0.546875,0,0,0,0,0,0,0,0,0,0,0,0,0,0
High,1,0,0,1,0,0,0,0,0,0,0,0,0,0,2,0,0,0
Higher Power,0.5239219069480896,0,0,1,0,0,0,0,0,0,0,0,0,0,0,0,0,0
Holons,0.4497500061988831,0,0,0.7578120231628418,0,0,0,0,0,0,0,0,0,0,0,0,0,0
Hoof,0.419796884059906,0,0,1,0,0,0,0,0,0,0,0,0,0,0,0,0,0
Hook,0.419796884059906,0,0,1,0,0,0,0,0,0,0,0,0,0,0,0,0,0
Hopes,0.5,0,0,0.671875,0,0,0,0,0,0,0,0,0,0,0,0,0,0
Ice Cube,0.5,0,0,1,0,0,0,0,0,0,0,0,0,0,0,0,0,0
Iceman,0.5,0,0,0.7578120231628418,0,0,0,0,0,0,0,0,0,0,0,0,0,0
Jace,0.5,0,0,0.7578120231628418,0,0,0,0,0,0,0,0,0,0,0,0,0,0
Jaw,0.4764531254768372,0,0,1,0,0,0,0,0,0,0,0,0,0,0,0,0,0
Justme,0.5,0,0,0.7109379768371582,0,0,0,0,0,0,0,0,0,0,0,0,0,0
Keys,0.4965625107288361,0,0,0.546875,0,0,0,0,0,0,0,0,0,0,0,0,0,0
Kick,0.5,0,0,0.546875,0,0,0,0,0,0,0,0,0,0,0,0,0,0
Kino,0.3932187259197235,0,0,1,0,0,0,0,0,0,0,0,0,0,0,0,0,0
Knife,0.419796884059906,0,0,1,0,0,0,0,0,0,0,0,0,0,0,0,0,0
Kyoto,0.492000013589859,0,0,0.7578120231628418,0,0,0,0,0,0,0,0,0,0,0,0,0,0
Landed,0.5,0,0,0.546875,0,0,0,0,0,0,0,0,0,0,0,0,0,0
Lathe,0.4497500061988831,0,0,0.7578120231628418,0,0,0,0,0,0,0,0,0,0,0,0,0,0
Launch,0.4960629940032959,0,0,0.7578120231628418,0,0,0,0,0,0,0,0,0,0,0,0,0,0
Leap,0.5000061392784119,0,0,0.546875,0,0,0,0,0,0,0,0,0,0,0,0,0,0
Leash,0.419796884059906,0,0,1,0,0,0,0,0,0,0,0,0,0,0,0,0,0
Leather,0.5,0,0,0.7578120231628418,0,0,0,0,0,0,0,0,0,0,0,0,0,0
Levy,0.5,0,0,0.7578120231628418,0,0,0,0,0,0,0,0,0,0,0,0,0,0
Lichen,0.6789847612380981,0,0,0.7578120231628418,0,0,0,0,0,0,0,0,0,0,0,0,0,0
Liedertafel,0.348515659570694,0,0,0.7578120231628418,0,0,0,0,0,0,0,0,0,0,0,0,0,0
Lift,0.1780934482812881,0,0,1,0,0,0,0,0,0,0,0,0,0,0,0,0,0
Lifting,0.6095937490463257,0,0,1,0,0,0,0,0,0,0,0,0,0,1,0,0,0
Lightray,0.2870312631130219,0,0,0.7578120231628418,0,0,0,0,0,0,0,0,0,0,0,0,0,0
Listen,0.4957685470581055,0,0,1,0,0,0,0,0,0,0,0,0,0,0,0,0,0
Long Bell,0.5,0,0,0.546875,0,0,0,0,0,0,0,0,0,0,0,0,0,0
Looped,0.503656268119812,0,0,1,0,0,0,0,0,0,0,0,0,0,0,0,0,0
Lords Keys,0.5,0,0,0.7578120231628418,0,0,0,0,0,0,0,0,0,0,0,0,0,0
Low,0,0,0,1,0,0,0,0,0,0,0,0,0,0,0,0,0,0
MagicGuitar,0.8009999990463257,0,0,1,0,0,0,0,0,0,0,0,0,0,0,0,0,0
Majest,0.5045629739761353,0,0,0.7578120231628418,0,0,0,0,0,0,0,0,0,0,2,0,0,0
Major,0.4975624978542328,0,0,1,0,0,0,0,0,0,0,0,0,0,0,0,0,0
Major Perc,0.5,0,0,0.546875,0,0,0,0,0,0,0,0,0,0,0,0,0,0
Malogre,0.4610156416893005,0,0,0.7578120231628418,0,0,0,0,0,0,0,0,0,0,0,0,0,0
Mansion,0.5,0,0,0.7578120231628418,0,0,0,0,0,0,0,0,0,0,0,0,0,0
Marim,0.5,0,0,0.546875,0,0,0,0,0,0,0,0,0,0,0,0,0,0
Mating Call,0.2232343703508377,0,0,0.546875,0,0,0,0,0,0,0,0,0,0,0,0,0,0
Matter,0.826046884059906,0,0,1,0,0,0,0,0,0,0,0,0,0,0,0,0,0
Me Three,0.5014843940734863,0,0,1,0,0,0,0,0,0,0,0,0,0,0,0,0,0
Mello Bell,0.5,0,0,0.546875,0,0,0,0,0,0,0,0,0,0,0,0,0,0
Mellower,0.2520000040531158,0,0,0.7578120231628418,0,0,0,0,0,0,0,0,0,0,0,0,0,0
Minor,0.5023906230926514,0,0,1,0,0,0,0,0,0,0,0,0,0,0,0,0,0
Minor Perc,0.5,0,0,0.546875,0,0,0,0,0,0,0,0,0,0,0,0,0,0
Mister Gnomer,0.4788281321525574,0,0,0.7578120231628418,0,0,0,0,0,0,0,0,0,0,0,0,0,0
Monolead,0.5003125071525574,0,0,1,0,0,0,0,0,0,0,0,0,0,0,0,0,0
MusicBoxer,0,0,0,0.7578120231628418,0,0,0,0,0,0,0,0,0,0,0,0,0,0
NHK Harp,0.322140634059906,0,0,1,0,0,0,0,0,0,0,0,0,0,0,0,0,0
Naive,0.4497500061988831,0,0,0.7578120231628418,0,0,0,0,0,0,0,0,0,0,0,0,0,0
Nebula,0.4960629940032959,0,0,0.7578120231628418,0,0,0,0,0,0,0,0,0,0,1,0,0,0
Nobleman,0.4174687564373016,0,0,0.7578120231628418,0,0,0,0,0,0,0,0,0,0,0,0,0,0
Nose,0.419796884059906,0,0,1,0,0,0,0,0,0,0,0,0,0,0,0,0,0
Odd Potion,0.5,0,0,0.7578120231628418,0,0,0,0,0,0,0,0,0,0,0,0,0,0
OldSkooled,0.4959999918937683,0,0,0.7578120231628418,0,0,0,0,0,0,0,0,0,0,0,0,0,0
Opener,0.5,0,0,0.546875,0,0,0,0,0,0,0,0,0,0,0,0,0,0
Orange Blip,0.5,0,0,0.7578120231628418,0,0,0,0,0,0,0,0,0,0,0,0,0,0
Oregon,0.5431250333786011,0,0,0.7578120231628418,0,0,0,0,0,0,0,0,0,0,0,0,0,0
OrganCrackle,0.370375007390976,0,0,0.7578120231628418,0,0,0,0,0,0,0,0,0,0,0,0,0,0
Organica,0.5040000081062317,0,0,0.7578120231628418,0,0,0,0,0,0,0,0,0,0,0,0,0,0
Orion,0.5,0,0,0.7578120231628418,0,0,0,0,0,0,0,0,0,0,0,0,0,0
Oscar,0.5431250333786011,0,0,0.7578120231628418,0,0,0,0,0,0,0,0,0,0,0,0,0,0
Oscilloplex,0.5,0,0,1,0,0,0,0,0,0,0,0,0,0,0,0,0,0
Owpanstrum,0.5012343525886536,0,0,1,0,0,0,0,0,0,0,0,0,0,0,0,0,0
Pad,0.503656268119812,0,0,1,0,0,0,0,0,0,0,0,0,0,0,0,0,0
Pagan,0.5,0,0,0.7578120231628418,0,0,0,0,0,0,0,0,0,0,0,0,0,0
Palm,0.2467031180858612,0,0,1,0,0,0,0,0,0,0,0,0,0,0,0,0,0
Pantastic,0.2479999959468842,0,0,0.7578120231628418,0,0,0,0,0,0,0,0,0,0,0,0,0,0
Perco,0.4959999918937683,0,0,0.7578120231628418,0,0,0,0,0,0,0,0,0,0,0,0,0,0
Persist,0.4952354431152344,0,0,0.546875,0,0,0,0,0,0,0,0,0,0,0,0,0,0
Petals,0.3268437683582306,0,0,0.7578120231628418,0,0,0,0,0,0,0,0,0,0,0,0,0,0
Pianabot,0.5039370059967041,0,0,0.7578120231628418,0,0,0,0,0,0,0,0,0,0,0,0,0,0
Piano Grain,0.5,0,0,0.546875,0,0,0,0,0,0,0,0,0,0,0,0,0,0
PianoFrame,0.8396254777908325,0,0,0.7578120231628418,0,0,0,0,0,0,0,0,0,0,0,0,0,0
Pick,0.2555624842643738,0,0,1,0,0,0,0,0,0,0,0,0,0,0,0,0,0
Piggy,0.5431250333786011,0,0,0.7578120231628418,0,0,0,0,0,0,0,0,0,0,0,0,0,0
Pizzikatto,0.5012343525886536,0,0,1,0,0,0,0,0,0,0,0,0,0,0,0,0,0
Plaintive,0.5141566395759583,0,0,0.7578120231628418,0,0,0,0,0,0,0,0,0,0,0,0,0,0
Plane,0.501689612865448,0,0,0.546875,0,0,0,0,0,0,0,0,0,0,0,0,0,0
PlikPluk,0.5,0,0,0.546875,0,0,0,0,0,0,0,0,0,0,0,0,0,0
Plucks,0.5009843707084656,0,0,0.546875,0,0,0,0,0,0,0,0,0,0,0,0,0,0
Polarsaw,0.4959531128406525,0,0,1,0,0,0,0,0,0,0,0,0,0,0,0,0,0
Prayer,0.5,0,0,0.7578120231628418,0,0,0,0,0,0,0,0,0,0,0,0,0,0
Probe,0.5,0,0,0.546875,0,0,0,0,0,0,0,0,0,0,0,0,0,0
Projector,0.1989531219005585,0,0,0.546875,0,0,0,0,0,0,0,0,0,0,0,0,0,0
Protect,0.5013072490692139,0,0,1,0,0,0,0,0,0,0,0,0,0,0,0,0,0
Pulsar,0.5,0,0,0.671875,0,0,0,0,0,0,0,0,0,0,0,0,0,0
Punch,0,0,0,0.546875,0,0,0,0,0,0,0,0,0,0,0,0,0,0
Purist,0.4497500061988831,0,0,0.7578120231628418,0,0,0,0,0,0,0,0,0,0,0,0,0,0
Raezobow,0.5012343525886536,0,0,1,0,0,0,0,0,0,0,0,0,0,0,0,0,0
RawWave,0.5,0,0,0.7578120231628418,0,0,0,0,0,0,0,0,0,0,0,0,0,0
Rayshine,0.5,0,0,0.546875,0,0,0,0,0,0,0,0,0,0,0,0,0,0
Reduce,0.4973764717578888,0,0,1,0,0,0,0,0,0,0,0,0,0,0,0,0,0
Reed,0.4379687309265137,0,0,0.546875,0,0,0,0,0,0,0,0,0,0,0,0,0,0
Reflector,0.5,0,0,1,0,0,0,0,0,0,0,0,0,0,0,0,0,0
Resodance,0.5,0,0,1,0,0,0,0,0,0,0,0,0,0,0,0,0,0
Reveal,0.5,0,0,0.7578120231628418,0,0,0,0,0,0,0,0,0,0,0,0,0,0
Rings,0.559054970741272,0,0,0.7578120231628418,0,0,0,0,0,0,0,0,0,0,2,0,0,0
Rise,0.4996797144412994,0,0,1,0,0,0,0,0,0,0,0,0,0,0,0,0,0
Robowah,0.5716875195503235,0,0,0.7578120231628418,0,0,0,0,0,0,0,0,0,0,1,0,0,0
Rosebud,0.4249062836170197,0,0,0.7578120231628418,0,0,0,0,0,0,0,0,0,0,0,0,0,0
Rotator,0.2476093769073486,0,0,1,0,0,0,0,0,0,0,0,0,0,0,0,0,0
Saphron & Mint,0.1852656155824661,0,0,0.7578120231628418,0,0,0,0,0,0,0,0,0,0,0,0,0,0
Scatter,0.5006718635559082,0,0,1,0,0,0,0,0,0,0,0,0,0,0,0,0,0
Schohrty,0.5012343525886536,0,0,1,0,0,0,0,0,0,0,0,0,0,0,0,0,0
Selectaaa,0.5040000081062317,0,0,0.7578120231628418,0,0,0,0,0,0,0,0,0,0,0,0,0,0
Sevenths,0.5,0,0,0.7578120231628418,0,0,0,0,0,0,0,0,0,0,0,0,0,0
Shift Down,0.4975000023841858,0,0,1,0,0,0,0,0,0,0,0,0,0,0,0,0,0
Shift Up,0.2457031309604645,0,0,1,0,0,0,0,0,0,0,0,0,0,0,0,0,0
Shimmer,0.2487031221389771,0,0,1,0,0,0,0,0,0,0,0,0,0,0,0,0,0
Shiny,0.500906229019165,0,0,0.546875,0,0,0,0,0,0,0,0,0,0,0,0,0,0
Short,0.503656268119812,0,0,1,0,0,0,0,0,0,0,0,0,0,0,0,0,0
Shots,0.5,0,0,0.546875,0,0,0,0,0,0,0,0,0,0,0,0,0,0
Shrift,0.4977812469005585,0,0,1,0,0,0,0,0,0,0,0,0,0,0,0,0,0
Silverlake,0.5,0,0,0.7578120231628418,0,0,0,0,0,0,0,0,0,0,0,0,0,0
Silverlines,0.5017343759536743,0,0,1,0,0,0,0,0,0,0,0,0,0,0,0,0,0
SimpleDist,0.4959999918937683,0,0,0.7578120231628418,0,0,0,0,0,0,0,0,0,0,0,0,0,0
Sine Out,0.4959999918937683,0,0,0.7578120231628418,0,0,0,0,0,0,0,0,0,0,0,0,0,0
SineSquare,0.4959999918937683,0,0,0.7578120231628418,0,0,0,0,0,0,0,0,0,0,0,0,0,0
Singe,0.5045629739761353,0,0,0.7578120231628418,0,0,0,0,0,0,0,0,0,0,2,0,0,0
Skratschy,0.5012343525886536,0,0,1,0,0,0,0,0,0,0,0,0,0,2,0,0,0
Sky Boarder,0.5,0,0,0.7578120231628418,0,0,0,0,0,0,0,0,0,0,0,0,0,0
Slap,0.5,0,0,0.546875,0,0,0,0,0,0,0,0,0,0,0,0,0,0
Small Doors,0.5045629739761353,0,0,0.7578120231628418,0,0,0,0,0,0,0,0,0,0,2,0,0,0
Smampsh,0.5056567192077637,0,0,0.7578120231628418,0,0,0,0,0,0,0,0,0,0,1,0,0,0
Smashing,0.5673910975456238,0,0,0.7578120231628418,0,0,0,0,0,0,0,0,0,0,1,0,0,0
Snatcher,0.4971249997615814,0,0,1,0,0,0,0,0,0,0,0,0,0,0,0,0,0
Sparkle,0.4980317354202271,0,0,1,0,0,0,0,0,0,0,0,0,0,0,0,0,0
Spector,0.4497500061988831,0,0,0.7578120231628418,0,0,0,0,0,0,0,0,0,0,0,0,0,0
Spire,0.5005001425743103,0,0,1,0,0,0,0,0,0,0,0,0,0,0,0,0,0
Spooksss,0.4959999918937683,0,0,0.7578120231628418,0,0,0,0,0,0,0,0,0,0,0,0,0,0
Spring,0.5078120231628418,0,0,0.6640620231628418,0,0,0,0,0,0,0,0,0,0,2,0,0,0
Stellar Voices,0.5,0,0,0.546875,0,0,0,0,0,0,0,0,0,0,0,0,0,0
Sternum,0.419796884059906,0,0,1,0,0,0,0,0,0,0,0,0,0,0,0,0,0
Stick,0.5,0,0,0.546875,0,0,0,0,0,0,0,0,0,0,0,0,0,0
Straight,0.503656268119812,0,0,1,0,0,0,0,0,0,0,0,0,0,0,0,0,0
Strait,0,0,0,0.609000027179718,0,0,0,0,0,0,0,0,0,0,2,0,0,0
Strides,0.2508281171321869,0,0,0.7578120231628418,0,0,0,0,0,0,0,0,0,0,0,0,0,0
Striker,0.5,0,0,1,0,0,0,0,0,0,0,0,0,0,0,0,0,0
Strings,0.4973437488079071,0,0,0.546875,0,0,0,0,0,0,0,0,0,0,0,0,0,0
Strip,0.5,0,0,0.7578120231628418,0,0,0,0,0,0,0,0,0,0,0,0,0,0
SubClunn,0.2816250324249268,0,0,0.7578120231628418,0,0,0,0,0,0,0,0,0,0,0,0,0,0
Surface,0.2143749743700027,0,0,0.546875,0,0,0,0,0,0,0,0,0,0,0,0,0,0
Suzztain,0.5012343525886536,0,0,1,0,0,0,0,0,0,0,0,0,0,0,0,0,0
Swarsh,0.2351093739271164,0,0,1,0,0,0,0,0,0,0,0,0,0,2,0,0,0
Swiper,0.5,0,0,1,0,0,0,0,0,0,0,0,0,0,0,0,0,0
Synth,0.4982812404632568,0,0,0.546875,0,0,0,0,0,0,0,0,0,0,0,0,0,0
Tail,0.419796884059906,0,0,1,0,0,0,0,0,0,0,0,0,0,0,0,0,0
Tape,0.4978281259536743,0,0,1,0,0,0,0,0,0,0,0,0,0,0,0,0,0
Terraform,0.5,0,0,0.671875,0,0,0,0,0,0,0,0,0,0,0,0,0,0
Thoughts,0.5011093616485596,0,0,1,0,0,0,0,0,0,0,0,0,0,0,0,0,0
ThreeTone,0.4959999918937683,0,0,0.7578120231628418,0,0,0,0,0,0,0,0,0,0,0,0,0,0
Thymestratch,0.5012343525886536,0,0,1,0,0,0,0,0,0,0,0,0,0,0,0,0,0
Tongue,0.4916875064373016,0,0,0.546875,0,0,0,0,0,0,0,0,0,0,0,0,0,0
Touch,0.499942272901535,0,0,1,0,0,0,0,0,0,0,0,0,0,0,0,0,0
Transmute,0.5,0,0,0.7578120231628418,0,0,0,0,0,0,0,0,0,0,0,0,0,0
Tromper,0.4879535436630249,0,0,0.7578120231628418,0,0,0,0,0,0,0,0,0,0,0,0,0,0
Tronic,0.5,0,0,0.7578120231628418,0,0,0,0,0,0,0,0,0,0,0,0,0,0
Tuning Fork,0.5262969136238098,0,0,0.7578120231628418,0,0,0,0,0,0,0,0,0,0,0,0,0,0
UnderWater,0.4959999918937683,0,0,0.7578120231628418,0,0,0,0,0,0,0,0,0,0,0,0,0,0
Unicornu,0.4847187697887421,0,0,0.7578120231628418,0,0,0,0,0,0,0,0,0,0,0,0,0,0
Untuned,0.5035781264305115,0,0,1,0,0,0,0,0,0,0,0,0,0,0,0,0,0
Up,0.5029531121253967,0,0,1,0,0,0,0,0,0,0,0,0,0,0,0,0,0
Vaan,0.5016874670982361,0,0,1,0,0,0,0,0,0,0,0,0,0,0,0,0,0
Villa,0.5,0,0,0.7578120231628418,0,0,0,0,0,0,0,0,0,0,0,0,0,0
VintageWave,0.4983749985694885,0,0,0.7578120231628418,0,0,0,0,0,0,0,0,0,0,0,0,0,0
Wait,0.4971087574958801,0,0,1,0,0,0,0,0,0,0,0,0,0,0,0,0,0
Wave,0.4974843859672546,0,0,1,0,0,0,0,0,0,0,0,0,0,0,0,0,0
Waver,0.5003830790519714,0,0,0.546875,0,0,0,0,0,0,0,0,0,0,0,0,0,0
Waverer,0.5,0,0,0.546875,0,0,0,0,0,0,0,0,0,0,0,0,0,0
Waverest,0.5,0,0,1,0,0,0,0,0,0,0,0,0,0,0,0,0,0
Whammy,0.2544218897819519,0,0,1,0,0,0,0,0,0,0,0,0,0,0,0,0,0
Willow Mallet,0.5,0,0,0.7578120231628418,0,0,0,0,0,0,0,0,0,0,0,0,0,0
Wind,0.503656268119812,0,0,0.546875,0,0,0,0,0,0,0,0,0,0,0,0,0,0
Wing,0.4922656416893005,0,0,1,0,0,0,0,0,0,0,0,0,0,0,0,0,0
Wisstly,0.5012343525886536,0,0,1,0,0,0,0,0,0,0,0,0,0,0,0,0,0
Wooden,0.5,0,0,0.546875,0,0,0,0,0,0,0,0,0,0,0,0,0,0
Wooden Shack,0.5,0,0,0.546875,0,0,0,0,0,0,0,0,0,0,0,0,0,0
Woodsprite,0.1852656155824661,0,0,1,0,0,0,0,0,0,0,0,0,0,0,0,0,0
Wormhole,0.5,0,0,0.546875,0,0,0,0,0,0,0,0,0,0,0,0,0,0
Xyloh,0.5,0,0,0.546875,0,0,0,0,0,0,0,0,0,0,0,0,0,0
Yellow Nylon,0.3136875331401825,0,0,0.7578120231628418,0,0,0,0,0,0,0,0,0,0,0,0,0,0
Yuunisun,0.5012343525886536,0,0,1,0,0,0,0,0,0,0,0,0,0,0,0,0,0
Zap,0.5029531121253967,0,0,1,0,0,0,0,0,0,0,0,0,0,0,0,0,0
Zeeth,0.3297968804836273,0,0,0.7578120231628418,0,0,0,0,0,0,0,0,0,0,0,0,0,0
Zipi,0.5,0,0,0.7578120231628418,0,0,0,0,0,0,0,0,0,0,0,0,0,0
